1770815092751, 1770815095043
1770815092751, 1770815095918
1770815092751, 1770815096859
1770815093559, 1770815097686
1770815093558, 1770815098186
1770815093816, 1770815098292
1770815093654, 1770815098296
1770815093559, 1770815098699
1770815093654, 1770815099312
1770815093880, 1770815099418
1770815093654, 1770815099420
1770815093724, 1770815099698
1770815093723, 1770815100521
1770815094001, 1770815100535
1770815093718, 1770815100541
1770815093790, 1770815100738
1770815093848, 1770815101628
1770815094117, 1770815101633
1770815093768, 1770815101635
1770815093866, 1770815101767
1770815094134, 1770815102694
1770815093781, 1770815102724
1770815093917, 1770815102801
1770815093939, 1770815102844
1770815094264, 1770815103680
1770815093805, 1770815103734
1770815093923, 1770815103832
1770815093974, 1770815103956
1770815094299, 1770815104703
1770815093827, 1770815104786
1770815094059, 1770815104900
1770815094034, 1770815105021
1770815094236, 1770815105726
1770815093978, 1770815105840
1770815094197, 1770815105931
1770815094074, 1770815106085
1770815094388, 1770815106731
1770815094031, 1770815106886
1770815094179, 1770815106951
1770815094131, 1770815107167
1770815094442, 1770815107734
1770815094077, 1770815107930
1770815094249, 1770815108009
1770815094193, 1770815108244
1770815094508, 1770815108785
1770815094089, 1770815109022
1770815094225, 1770815109053
1770815094165, 1770815109294
1770815094607, 1770815109792
1770815094102, 1770815110070
1770815094327, 1770815110086
1770815094169, 1770815110367
1770815094621, 1770815110785
1770815094454, 1770815111123
1770815094106, 1770815111126
1770815094207, 1770815111408
1770815094734, 1770815111814
1770815094145, 1770815112213
1770815094460, 1770815112223
1770815094311, 1770815112464
1770815094824, 1770815112829
1770815094221, 1770815113273
1770815094408, 1770815113274
1770815094364, 1770815113511
1770815094883, 1770815113822
1770815094494, 1770815114308
1770815094290, 1770815114325
1770815094352, 1770815114601
1770815094945, 1770815114811
1770815094516, 1770815115336
1770815094254, 1770815115359
1770815094693, 1770815115635
1770815094998, 1770815115790
1770815094560, 1770815116345
1770815094284, 1770815116452
1770815094739, 1770815116686
1770815095040, 1770815116841
1770815094670, 1770815117362
1770815094358, 1770815117485
1770815094770, 1770815117714
1770815094988, 1770815117830
1770815094727, 1770815118364
1770815094318, 1770815118521
1770815094783, 1770815118742
1770815095190, 1770815118819
1770815094812, 1770815119384
1770815094401, 1770815119556
1770815094813, 1770815119835
1770815095243, 1770815119836
1770815094848, 1770815120397
1770815094545, 1770815120630
1770815095401, 1770815120867
1770815094850, 1770815120887
1770815094864, 1770815121399
1770815094570, 1770815121656
1770815095284, 1770815121880
1770815094961, 1770815121905
1770815094887, 1770815122452
1770815094632, 1770815122681
1770815095072, 1770815122924
1770815095419, 1770815122932
1770815094918, 1770815123450
1770815094682, 1770815123705
1770815095456, 1770815123923
1770815095273, 1770815123980
1770815095031, 1770815124456
1770815094775, 1770815124727
1770815095605, 1770815124923
1770815095264, 1770815125003
1770815095029, 1770815125458
1770815094904, 1770815125790
1770815095655, 1770815125953
1770815095442, 1770815126042
1770815095078, 1770815126471
1770815094924, 1770815126838
1770815095737, 1770815126968
1770815095381, 1770815127122
1770815095113, 1770815127483
1770815094954, 1770815127867
1770815095812, 1770815127981
1770815095504, 1770815128153
1770815095115, 1770815128493
1770815094985, 1770815128899
1770815095834, 1770815128988
1770815095677, 1770815129178
1770815095064, 1770815129493
1770815095099, 1770815129936
1770815095847, 1770815129996
1770815095773, 1770815130207
1770815095155, 1770815130525
1770815095153, 1770815130961
1770815095882, 1770815131019
1770815095814, 1770815131257
1770815095195, 1770815131520
1770815095134, 1770815132010
1770815095917, 1770815132065
1770815095894, 1770815132302
1770815095169, 1770815132537
1770815095227, 1770815133035
1770815095958, 1770815133100
1770815096028, 1770815133354
1770815095234, 1770815133552
1770815095318, 1770815134066
1770815096015, 1770815134115
1770815096144, 1770815134373
1770815095204, 1770815134578
1770815095359, 1770815135100
1770815096225, 1770815135135
1770815096119, 1770815135415
1770815095307, 1770815135598
1770815095344, 1770815136142
1770815096188, 1770815136145
1770815096084, 1770815136479
1770815095328, 1770815136583
1770815096204, 1770815137182
1770815095398, 1770815137191
1770815096135, 1770815137507
1770815095482, 1770815137584
1770815096281, 1770815138231
1770815095363, 1770815138273
1770815096153, 1770815138521
1770815095433, 1770815138585
1770815096258, 1770815139294
1770815095523, 1770815139332
1770815096169, 1770815139546
1770815095493, 1770815139596
1770815096421, 1770815140305
1770815095545, 1770815140377
1770815096366, 1770815140561
1770815095582, 1770815140599
1770815097290, 1770815141321
1770815095713, 1770815141403
1770815096317, 1770815141596
1770815096829, 1770815141608
1770815097326, 1770815142331
1770815096282, 1770815142425
1770815096568, 1770815142617
1770815097203, 1770815142642
1770815098495, 1770815143350
1770815096456, 1770815143444
1770815096787, 1770815143642
1770815098149, 1770815143656
1770815099342, 1770815144349
1770815097433, 1770815144468
1770815097583, 1770815144661
1770815098333, 1770815144674
1770815099346, 1770815145359
1770815097635, 1770815145494
1770815097600, 1770815145683
1770815098530, 1770815145693
1770815099553, 1770815146383
1770815098185, 1770815146527
1770815098746, 1770815146719
1770815097618, 1770815146726
1770815099620, 1770815147387
1770815098712, 1770815147550
1770815098038, 1770815147750
1770815100117, 1770815147808
1770815100016, 1770815148395
1770815099178, 1770815148574
1770815098440, 1770815148762
1770815100151, 1770815148816
1770815100701, 1770815149393
1770815099501, 1770815149598
1770815099099, 1770815149763
1770815100250, 1770815149830
1770815100967, 1770815150394
1770815100379, 1770815150625
1770815099935, 1770815150767
1770815100525, 1770815150830
1770815100975, 1770815151398
1770815100941, 1770815151649
1770815100015, 1770815151837
1770815100783, 1770815151843
1770815101262, 1770815152393
1770815101399, 1770815152670
1770815100327, 1770815152852
1770815101203, 1770815152872
1770815101386, 1770815153390
1770815102588, 1770815153692
1770815101135, 1770815153861
1770815101595, 1770815153896
1770815101365, 1770815154381
1770815104136, 1770815154770
1770815101640, 1770815154866
1770815101885, 1770815154929
1770815101753, 1770815155426
1770815104271, 1770815155811
1770815101815, 1770815155878
1770815102225, 1770815155935
1770815102098, 1770815156432
1770815104275, 1770815156842
1770815102138, 1770815156888
1770815102216, 1770815156951
1770815102555, 1770815157424
1770815104901, 1770815157871
1770815102666, 1770815157887
1770815102946, 1770815157949
1770815102643, 1770815158408
1770815103127, 1770815158898
1770815104627, 1770815158903
1770815103245, 1770815158961
1770815103589, 1770815159404
1770815104456, 1770815159926
1770815103167, 1770815159946
1770815104073, 1770815159967
1770815104032, 1770815160389
1770815105109, 1770815160971
1770815103236, 1770815160986
1770815104696, 1770815160994
1770815103693, 1770815161384
1770815106311, 1770815161985
1770815105319, 1770815162029
1770815103374, 1770815162049
1770815104194, 1770815162396
1770815106627, 1770815162996
1770815104142, 1770815163076
1770815105744, 1770815163080
1770815104557, 1770815163401
1770815108187, 1770815164015
1770815105955, 1770815164117
1770815103704, 1770815164146
1770815107132, 1770815164430
1770815108053, 1770815165020
1770815106277, 1770815165117
1770815104553, 1770815165168
1770815107369, 1770815165450
1770815109206, 1770815166026
1770815107083, 1770815166130
1770815104947, 1770815166198
1770815108027, 1770815166452
1770815109679, 1770815167025
1770815106711, 1770815167139
1770815105143, 1770815167220
1770815108107, 1770815167454
1770815109013, 1770815168026
1770815107396, 1770815168147
1770815105046, 1770815168250
1770815108387, 1770815168455
1770815110301, 1770815169037
1770815107654, 1770815169171
1770815105463, 1770815169277
1770815108780, 1770815169453
1770815111245, 1770815170042
1770815108424, 1770815170170
1770815106020, 1770815170295
1770815108639, 1770815170459
1770815111719, 1770815171048
1770815108603, 1770815171207
1770815106907, 1770815171327
1770815109084, 1770815171464
1770815111777, 1770815172055
1770815107822, 1770815172217
1770815106738, 1770815172348
1770815110917, 1770815172468
1770815112843, 1770815173118
1770815108754, 1770815173236
1770815106933, 1770815173367
1770815111434, 1770815173480
1770815112889, 1770815174134
1770815107850, 1770815174234
1770815107565, 1770815174395
1770815111678, 1770815174487
1770815114606, 1770815175139
1770815109259, 1770815175252
1770815108586, 1770815175433
1770815111731, 1770815175501
1770815115172, 1770815176145
1770815107941, 1770815176250
1770815108889, 1770815176512
1770815111999, 1770815176561
1770815115432, 1770815177144
1770815109587, 1770815177261
1770815109837, 1770815177537
1770815112165, 1770815177572
1770815116015, 1770815178139
1770815110551, 1770815178260
1770815109888, 1770815178566
1770815112052, 1770815178575
1770815117102, 1770815179147
1770815110514, 1770815179273
1770815112248, 1770815179595
1770815111193, 1770815179605
1770815117544, 1770815180139
1770815110771, 1770815180279
1770815113143, 1770815180626
1770815111421, 1770815180643
1770815118094, 1770815181131
1770815111383, 1770815181276
1770815113805, 1770815181643
1770815111502, 1770815181670
1770815117215, 1770815182119
1770815112078, 1770815182318
1770815113897, 1770815182646
1770815112646, 1770815182698
1770815118594, 1770815183111
1770815112262, 1770815183347
1770815114276, 1770815183655
1770815112869, 1770815183730
1770815117430, 1770815184104
1770815112431, 1770815184358
1770815114221, 1770815184661
1770815113441, 1770815184757
1770815118440, 1770815185114
1770815112362, 1770815185365
1770815114930, 1770815185676
1770815114105, 1770815185784
1770815119769, 1770815186112
1770815113467, 1770815186359
1770815115310, 1770815186680
1770815114966, 1770815186815
1770815120256, 1770815187106
1770815113460, 1770815187376
1770815116146, 1770815187681
1770815115933, 1770815187850
1770815120084, 1770815188106
1770815113758, 1770815188381
1770815116177, 1770815188727
1770815116181, 1770815188886
1770815120114, 1770815189116
1770815113493, 1770815189390
1770815116251, 1770815189731
1770815115934, 1770815189915
1770815120672, 1770815190128
1770815113948, 1770815190400
1770815116232, 1770815190725
1770815116861, 1770815190943
1770815120544, 1770815191139
1770815114166, 1770815191403
1770815116713, 1770815191734
1770815118106, 1770815191970
1770815121455, 1770815192143
1770815114297, 1770815192417
1770815116500, 1770815192733
1770815118239, 1770815193000
1770815123081, 1770815193148
1770815114939, 1770815193429
1770815118266, 1770815193727
1770815118559, 1770815194032
1770815123610, 1770815194153
1770815115068, 1770815194451
1770815120846, 1770815194735
1770815118629, 1770815195060
1770815124377, 1770815195161
1770815116608, 1770815195454
1770815120960, 1770815195738
1770815119836, 1770815196094
1770815125186, 1770815196169
1770815116722, 1770815196474
1770815121241, 1770815196741
1770815120003, 1770815197126
1770815125576, 1770815197180
1770815117048, 1770815197491
1770815122110, 1770815197744
1770815120081, 1770815198147
1770815125723, 1770815198187
1770815116860, 1770815198489
1770815123108, 1770815198738
1770815121081, 1770815199177
1770815125867, 1770815199181
1770815117626, 1770815199497
1770815123241, 1770815199726
1770815120721, 1770815200221
1770815126446, 1770815200240
1770815118390, 1770815200494
1770815122663, 1770815200720
1770815121705, 1770815201257
1770815127490, 1770815201259
1770815118549, 1770815201508
1770815123246, 1770815201705
1770815122733, 1770815202299
1770815127861, 1770815202309
1770815120969, 1770815202514
1770815123901, 1770815202703
1770815122980, 1770815203324
1770815127973, 1770815203384
1770815121034, 1770815203525
1770815124681, 1770815203718
1770815122857, 1770815204351
1770815128126, 1770815204438
1770815121407, 1770815204538
1770815126578, 1770815204778
1770815123187, 1770815205363
1770815126487, 1770815205465
1770815121089, 1770815205553
1770815127250, 1770815205779
1770815122884, 1770815206371
1770815128604, 1770815206498
1770815121813, 1770815206554
1770815126761, 1770815206786
1770815123404, 1770815207379
1770815128014, 1770815207528
1770815122190, 1770815207568
1770815128315, 1770815207793
1770815123898, 1770815208388
1770815128256, 1770815208554
1770815122084, 1770815208635
1770815129122, 1770815208807
1770815123665, 1770815209386
1770815128994, 1770815209586
1770815122690, 1770815209643
1770815129991, 1770815209810
1770815125801, 1770815210399
1770815129707, 1770815210612
1770815123137, 1770815210656
1770815130252, 1770815210817
1770815126722, 1770815211399
1770815129621, 1770815211638
1770815123692, 1770815211662
1770815130914, 1770815211834
1770815126889, 1770815212403
1770815130216, 1770815212660
1770815124887, 1770815212668
1770815130338, 1770815212847
1770815127597, 1770815213414
1770815130224, 1770815213700
1770815125428, 1770815213703
1770815131610, 1770815213859
1770815127546, 1770815214418
1770815125859, 1770815214729
1770815130571, 1770815214746
1770815131767, 1770815214866
1770815127526, 1770815215412
1770815126386, 1770815215768
1770815130532, 1770815215777
1770815131127, 1770815215881
1770815128070, 1770815216454
1770815126929, 1770815216788
1770815131288, 1770815216820
1770815132119, 1770815216883
1770815128041, 1770815217461
1770815127206, 1770815217807
1770815130613, 1770815217834
1770815131901, 1770815217896
1770815128909, 1770815218456
1770815127709, 1770815218804
1770815130640, 1770815218849
1770815133461, 1770815218901
1770815128631, 1770815219454
1770815128099, 1770815219813
1770815130751, 1770815219883
1770815133753, 1770815219931
1770815128740, 1770815220444
1770815127764, 1770815220815
1770815096439, 1770815220889
1770815133588, 1770815220941
1770815130560, 1770815221441
1770815128069, 1770815221819
1770815132606, 1770815221897
1770815133806, 1770815221948
1770815132129, 1770815222430
1770815129922, 1770815222846
1770815097606, 1770815222907
1770815134677, 1770815222960
1770815133077, 1770815223420
1770815129574, 1770815223846
1770815131916, 1770815223918
1770815135132, 1770815223966
1770815133700, 1770815224406
1770815130280, 1770815224856
1770815132272, 1770815224928
1770815135305, 1770815224978
1770815133583, 1770815225395
1770815130716, 1770815225853
1770815133871, 1770815225945
1770815097003, 1770815226000
1770815134710, 1770815226388
1770815130308, 1770815226873
1770815133385, 1770815226961
1770815097072, 1770815227023
1770815134853, 1770815227383
1770815131754, 1770815227875
1770815134110, 1770815227978
1770815097554, 1770815228038
1770815097037, 1770815228380
1770815132832, 1770815228900
1770815134198, 1770815228996
1770815097934, 1770815229059
1770815096835, 1770815229385
1770815133110, 1770815229911
1770815097640, 1770815230020
1770815098075, 1770815230072
1770815097202, 1770815230384
1770815133496, 1770815230922
1770815097756, 1770815231031
1770815098139, 1770815231084
1770815098565, 1770815231385
1770815134167, 1770815231927
1770815097900, 1770815232045
1770815098403, 1770815232105
1770815098836, 1770815232390
1770815134622, 1770815232937
1770815098186, 1770815233061
1770815098886, 1770815233119
1770815099311, 1770815233399
1770815134570, 1770815233945
1770815098851, 1770815234075
1770815099033, 1770815234127
1770815100126, 1770815234404
1770815134727, 1770815234950
1770815098976, 1770815235090
1770815099544, 1770815235141
1770815100416, 1770815235415
1770815134891, 1770815235964
1770815099377, 1770815236102
1770815100378, 1770815236152
1770815100601, 1770815236470
1770815135487, 1770815236969
1770815100453, 1770815237117
1770815100414, 1770815237171
1770815101027, 1770815237471
1770815135060, 1770815237973
1770815100851, 1770815238132
1770815100435, 1770815238183
1770815101434, 1770815238473
1770815095530, 1770815238977
1770815101216, 1770815239171
1770815100872, 1770815239201
1770815101978, 1770815239480
1770815096105, 1770815239991
1770815101246, 1770815240235
1770815101149, 1770815240261
1770815102139, 1770815240495
1770815097790, 1770815240995
1770815101624, 1770815241268
1770815102055, 1770815241271
1770815102096, 1770815241504
1770815098070, 1770815242064
1770815101891, 1770815242297
1770815101955, 1770815242307
1770815102511, 1770815242510
1770815098336, 1770815243063
1770815102324, 1770815243324
1770815102214, 1770815243344
1770815102735, 1770815243519
1770815098659, 1770815244080
1770815103285, 1770815244325
1770815102363, 1770815244380
1770815102551, 1770815244530
1770815099153, 1770815245084
1770815103123, 1770815245333
1770815102663, 1770815245411
1770815102904, 1770815245546
1770815100261, 1770815246086
1770815103157, 1770815246344
1770815102512, 1770815246430
1770815103166, 1770815246558
1770815100927, 1770815247096
1770815103746, 1770815247354
1770815103078, 1770815247449
1770815103305, 1770815247570
1770815101421, 1770815248101
1770815103478, 1770815248371
1770815104344, 1770815248470
1770815103739, 1770815248582
1770815102185, 1770815249105
1770815103227, 1770815249366
1770815104884, 1770815249498
1770815105012, 1770815249599
1770815101990, 1770815250119
1770815103364, 1770815250365
1770815105153, 1770815250528
1770815105512, 1770815250612
1770815102511, 1770815251119
1770815104375, 1770815251365
1770815105396, 1770815251566
1770815105902, 1770815251631
1770815102060, 1770815252118
1770815104814, 1770815252361
1770815105181, 1770815252595
1770815105249, 1770815252652
1770815102961, 1770815253128
1770815105345, 1770815253354
1770815105561, 1770815253619
1770815106194, 1770815253664
1770815103130, 1770815254125
1770815104849, 1770815254355
1770815106527, 1770815254645
1770815106058, 1770815254676
1770815104245, 1770815255143
1770815105512, 1770815255351
1770815106581, 1770815255661
1770815105821, 1770815255704
1770815103469, 1770815256144
1770815105956, 1770815256344
1770815105716, 1770815256685
1770815106525, 1770815256754
1770815104692, 1770815257160
1770815106070, 1770815257343
1770815107046, 1770815257707
1770815106819, 1770815257760
1770815104230, 1770815258160
1770815106049, 1770815258338
1770815107187, 1770815258724
1770815107488, 1770815258760
1770815104410, 1770815259173
1770815106373, 1770815259332
1770815108567, 1770815259760
1770815106221, 1770815259767
1770815104932, 1770815260178
1770815106469, 1770815260355
1770815108986, 1770815260792
1770815106873, 1770815260803
1770815105741, 1770815261211
1770815106791, 1770815261349
1770815108986, 1770815261814
1770815108744, 1770815261833
1770815107299, 1770815262206
1770815108067, 1770815262352
1770815109526, 1770815262830
1770815108884, 1770815262857
1770815107436, 1770815263215
1770815107968, 1770815263347
1770815110245, 1770815263827
1770815109613, 1770815263880
1770815107382, 1770815264221
1770815109644, 1770815264333
1770815111492, 1770815264835
1770815109606, 1770815264908
1770815108442, 1770815265235
1770815109448, 1770815265331
1770815111582, 1770815265839
1770815109741, 1770815265927
1770815108517, 1770815266230
1770815109701, 1770815266327
1770815111364, 1770815266845
1770815109862, 1770815266946
1770815107964, 1770815267247
1770815109843, 1770815267333
1770815111519, 1770815267841
1770815110282, 1770815267977
1770815108860, 1770815268257
1770815110853, 1770815268335
1770815111877, 1770815268852
1770815110090, 1770815269005
1770815109417, 1770815269274
1770815111803, 1770815269335
1770815113196, 1770815269854
1770815111630, 1770815270028
1770815109873, 1770815270282
1770815112940, 1770815270349
1770815113383, 1770815270851
1770815112483, 1770815271058
1770815109366, 1770815271291
1770815112617, 1770815271349
1770815113010, 1770815271852
1770815113113, 1770815272087
1770815109770, 1770815272296
1770815112672, 1770815272353
1770815113425, 1770815272848
1770815113520, 1770815273116
1770815110643, 1770815273310
1770815113390, 1770815273361
1770815113652, 1770815273846
1770815113932, 1770815274141
1770815110799, 1770815274337
1770815113917, 1770815274367
1770815114656, 1770815274845
1770815114249, 1770815275160
1770815111081, 1770815275344
1770815114961, 1770815275377
1770815114903, 1770815275844
1770815114877, 1770815276184
1770815111232, 1770815276362
1770815115157, 1770815276384
1770815114857, 1770815276843
1770815115398, 1770815277203
1770815113579, 1770815277363
1770815115704, 1770815277386
1770815115731, 1770815277836
1770815115452, 1770815278219
1770815114798, 1770815278378
1770815115072, 1770815278395
1770815117135, 1770815278834
1770815116829, 1770815279244
1770815115207, 1770815279381
1770815115753, 1770815279403
1770815117640, 1770815279827
1770815117354, 1770815280263
1770815115346, 1770815280402
1770815116111, 1770815280417
1770815117241, 1770815280823
1770815117009, 1770815281286
1770815116078, 1770815281409
1770815116132, 1770815281432
1770815117911, 1770815281820
1770815117589, 1770815282305
1770815115978, 1770815282422
1770815116802, 1770815282439
1770815118182, 1770815282850
1770815118079, 1770815283325
1770815117373, 1770815283420
1770815118153, 1770815283449
1770815118434, 1770815283870
1770815119414, 1770815284341
1770815117939, 1770815284441
1770815117826, 1770815284458
1770815118525, 1770815284861
1770815119614, 1770815285360
1770815118636, 1770815285479
1770815119032, 1770815285521
1770815120184, 1770815285859
1770815119687, 1770815286444
1770815118877, 1770815286491
1770815119475, 1770815286527
1770815121371, 1770815286854
1770815120269, 1770815287467
1770815120075, 1770815287533
1770815120039, 1770815287561
1770815121442, 1770815287862
1770815120820, 1770815288496
1770815120846, 1770815288539
1770815120297, 1770815288575
1770815122066, 1770815288863
1770815121009, 1770815289524
1770815120987, 1770815289552
1770815120786, 1770815289589
1770815121699, 1770815289868
1770815122516, 1770815290547
1770815121325, 1770815290554
1770815120964, 1770815290604
1770815122102, 1770815290880
1770815123273, 1770815291580
1770815122004, 1770815291588
1770815121224, 1770815291623
1770815123868, 1770815291893
1770815122016, 1770815292612
1770815123718, 1770815292620
1770815122565, 1770815292633
1770815123946, 1770815292906
1770815122263, 1770815293648
1770815123100, 1770815293675
1770815124120, 1770815293682
1770815124635, 1770815293916
1770815122150, 1770815294652
1770815123498, 1770815294715
1770815124341, 1770815294725
1770815124819, 1770815294928
1770815123055, 1770815295655
1770815123581, 1770815295763
1770815124580, 1770815295771
1770815124870, 1770815295931
1770815122269, 1770815296670
1770815124091, 1770815296801
1770815125541, 1770815296811
1770815125662, 1770815296938
1770815123924, 1770815297666
1770815124148, 1770815297836
1770815123897, 1770815297851
1770815126262, 1770815297944
1770815124044, 1770815298676
1770815125268, 1770815298876
1770815124358, 1770815298903
1770815127496, 1770815298954
1770815124268, 1770815299674
1770815124299, 1770815299890
1770815125899, 1770815299937
1770815127602, 1770815299972
1770815125302, 1770815300684
1770815125456, 1770815300913
1770815126101, 1770815300972
1770815129299, 1770815300982
1770815126445, 1770815301679
1770815126221, 1770815301926
1770815129526, 1770815302003
1770815125716, 1770815302021
1770815127102, 1770815302685
1770815126215, 1770815302936
1770815129816, 1770815303027
1770815128309, 1770815303063
1770815127230, 1770815303693
1770815126667, 1770815303952
1770815129774, 1770815304043
1770815128574, 1770815304105
1770815127743, 1770815304690
1770815127614, 1770815304959
1770815130056, 1770815305054
1770815128871, 1770815305138
1770815127778, 1770815305694
1770815128603, 1770815305975
1770815130501, 1770815306070
1770815128546, 1770815306165
1770815127332, 1770815306704
1770815129468, 1770815306971
1770815131657, 1770815307089
1770815129826, 1770815307194
1770815127820, 1770815307708
1770815129488, 1770815307970
1770815132955, 1770815308104
1770815130430, 1770815308223
1770815129131, 1770815308720
1770815129641, 1770815308980
1770815134055, 1770815309114
1770815130643, 1770815309261
1770815128909, 1770815309743
1770815129886, 1770815309983
1770815134084, 1770815310150
1770815131554, 1770815310289
1770815129672, 1770815310750
1770815131046, 1770815310984
1770815134992, 1770815311159
1770815132526, 1770815311318
1770815131192, 1770815311743
1770815131382, 1770815311989
1770815097865, 1770815312166
1770815132732, 1770815312358
1770815130941, 1770815312759
1770815131937, 1770815312989
1770815098286, 1770815313173
1770815132911, 1770815313385
1770815131527, 1770815313756
1770815132280, 1770815314018
1770815098298, 1770815314176
1770815133153, 1770815314404
1770815133646, 1770815314772
1770815132726, 1770815315034
1770815098475, 1770815315184
1770815132991, 1770815315434
1770815134385, 1770815315771
1770815133550, 1770815316035
1770815098907, 1770815316189
1770815133445, 1770815316458
1770815134440, 1770815316778
1770815134672, 1770815317047
1770815099045, 1770815317199
1770815133320, 1770815317478
1770815134797, 1770815317787
1770815135323, 1770815318050
1770815100474, 1770815318202
1770815135029, 1770815318494
1770815135172, 1770815318784
1770815135365, 1770815319064
1770815100489, 1770815319210
1770815135232, 1770815319506
1770815134568, 1770815319795
1770815096759, 1770815320071
1770815100526, 1770815320221
1770815095799, 1770815320518
1770815134863, 1770815320801
1770815097923, 1770815321086
1770815100563, 1770815321229
1770815096065, 1770815321530
1770815095854, 1770815321798
1770815098036, 1770815322091
1770815100639, 1770815322235
1770815096370, 1770815322540
1770815096648, 1770815322807
1770815098619, 1770815323092
1770815100853, 1770815323238
1770815096484, 1770815323553
1770815096752, 1770815323803
1770815098863, 1770815324102
1770815100906, 1770815324244
1770815096957, 1770815324571
1770815097530, 1770815324814
1770815099748, 1770815325103
1770815101856, 1770815325254
1770815097055, 1770815325599
1770815097709, 1770815325818
1770815099980, 1770815326105
1770815103270, 1770815326265
1770815097571, 1770815326620
1770815097997, 1770815326839
1770815101133, 1770815327112
1770815103851, 1770815327273
1770815098075, 1770815327639
1770815098230, 1770815327847
1770815102765, 1770815328107
1770815103886, 1770815328278
1770815098460, 1770815328650
1770815098576, 1770815328869
1770815102623, 1770815329110
1770815103408, 1770815329287
1770815098368, 1770815329666
1770815098688, 1770815329892
1770815103955, 1770815330106
1770815103983, 1770815330301
1770815098511, 1770815330690
1770815098816, 1770815330895
1770815104039, 1770815331110
1770815104309, 1770815331315
1770815098677, 1770815331716
1770815099380, 1770815331909
1770815104486, 1770815332114
1770815104622, 1770815332323
1770815098872, 1770815332744
1770815099795, 1770815332926
1770815104642, 1770815333120
1770815104661, 1770815333329
1770815098828, 1770815333767
1770815100890, 1770815333933
1770815104723, 1770815334131
1770815105240, 1770815334329
1770815099604, 1770815334785
1770815101094, 1770815334956
1770815105210, 1770815335140
1770815105610, 1770815335338
1770815099674, 1770815335803
1770815101425, 1770815335957
1770815104891, 1770815336149
1770815106105, 1770815336348
1770815099871, 1770815336842
1770815101502, 1770815336972
1770815105824, 1770815337164
1770815105654, 1770815337364
1770815101536, 1770815337901
1770815101790, 1770815337979
1770815105855, 1770815338177
1770815106592, 1770815338368
1770815101902, 1770815338924
1770815101745, 1770815338986
1770815106346, 1770815339197
1770815106399, 1770815339378
1770815102028, 1770815339952
1770815101850, 1770815339983
1770815106858, 1770815340208
1770815107287, 1770815340380
1770815102980, 1770815340973
1770815103037, 1770815341005
1770815106665, 1770815341226
1770815106853, 1770815341381
1770815105786, 1770815341994
1770815102807, 1770815342060
1770815108349, 1770815342241
1770815107355, 1770815342391
1770815106558, 1770815343010
1770815103627, 1770815343078
1770815108387, 1770815343252
1770815107681, 1770815343404
1770815107083, 1770815344031
1770815103921, 1770815344082
1770815108667, 1770815344264
1770815108271, 1770815344474
1770815107050, 1770815345056
1770815102911, 1770815345095
1770815108479, 1770815345275
1770815108954, 1770815345481
1770815107490, 1770815346074
1770815104866, 1770815346107
1770815108849, 1770815346290
1770815108172, 1770815346485
1770815107602, 1770815347090
1770815104592, 1770815347114
1770815108955, 1770815347308
1770815109137, 1770815347493
1770815108675, 1770815348105
1770815105128, 1770815348132
1770815110097, 1770815348379
1770815109393, 1770815348504
1770815108722, 1770815349123
1770815104932, 1770815349140
1770815110427, 1770815349398
1770815109671, 1770815349515
1770815108645, 1770815350146
1770815105655, 1770815350163
1770815110516, 1770815350409
1770815110279, 1770815350528
1770815108924, 1770815351170
1770815105771, 1770815351183
1770815111135, 1770815351417
1770815111276, 1770815351549
1770815109351, 1770815352195
1770815105989, 1770815352203
1770815111773, 1770815352433
1770815111825, 1770815352559
1770815109178, 1770815353230
1770815106011, 1770815353238
1770815111839, 1770815353444
1770815112447, 1770815353573
1770815107233, 1770815354255
1770815109424, 1770815354257
1770815112273, 1770815354451
1770815112619, 1770815354587
1770815106799, 1770815355291
1770815108889, 1770815355299
1770815112310, 1770815355458
1770815112531, 1770815355590
1770815107571, 1770815356298
1770815109620, 1770815356331
1770815112934, 1770815356463
1770815113183, 1770815356601
1770815107342, 1770815357320
1770815109713, 1770815357350
1770815114193, 1770815357470
1770815111955, 1770815357609
1770815107778, 1770815358316
1770815110691, 1770815358361
1770815114519, 1770815358479
1770815114030, 1770815358617
1770815108957, 1770815359336
1770815109674, 1770815359376
1770815114710, 1770815359494
1770815114223, 1770815359628
1770815108673, 1770815360334
1770815110965, 1770815360387
1770815114825, 1770815360504
1770815115242, 1770815360639
1770815107602, 1770815361346
1770815111576, 1770815361398
1770815115290, 1770815361515
1770815114886, 1770815361649
1770815108700, 1770815362343
1770815111651, 1770815362434
1770815115345, 1770815362518
1770815114596, 1770815362652
1770815109135, 1770815363351
1770815111929, 1770815363455
1770815116925, 1770815363525
1770815115130, 1770815363660
1770815107709, 1770815364354
1770815112336, 1770815364474
1770815116584, 1770815364532
1770815115906, 1770815364672
1770815110011, 1770815365369
1770815113058, 1770815365490
1770815117428, 1770815365540
1770815115425, 1770815365684
1770815108468, 1770815366373
1770815113888, 1770815366510
1770815117187, 1770815366561
1770815115677, 1770815366696
1770815111185, 1770815367377
1770815113918, 1770815367533
1770815117352, 1770815367570
1770815116677, 1770815367708
1770815111399, 1770815368380
1770815114101, 1770815368569
1770815119385, 1770815368573
1770815115869, 1770815368720
1770815111161, 1770815369394
1770815119723, 1770815369608
1770815114775, 1770815369619
1770815116258, 1770815369733
1770815111314, 1770815370391
1770815119368, 1770815370635
1770815115667, 1770815370664
1770815116392, 1770815370745
1770815111576, 1770815371406
1770815119083, 1770815371641
1770815115683, 1770815371698
1770815117968, 1770815371760
1770815111529, 1770815372402
1770815119256, 1770815372645
1770815116637, 1770815372727
1770815118690, 1770815372775
1770815111603, 1770815373414
1770815120496, 1770815373654
1770815116665, 1770815373749
1770815119676, 1770815373790
1770815111612, 1770815374442
1770815120997, 1770815374653
1770815117568, 1770815374778
1770815120450, 1770815374811
1770815112222, 1770815375444
1770815121062, 1770815375660
1770815118831, 1770815375806
1770815120707, 1770815375835
1770815111746, 1770815376454
1770815121190, 1770815376663
1770815122300, 1770815376839
1770815120489, 1770815376846
1770815112894, 1770815377453
1770815124127, 1770815377666
1770815121851, 1770815377877
1770815123138, 1770815377885
1770815112379, 1770815378452
1770815124046, 1770815378664
1770815123756, 1770815378931
1770815122480, 1770815378940
1770815113218, 1770815379455
1770815124354, 1770815379670
1770815124121, 1770815379949
1770815121584, 1770815379972
1770815113644, 1770815380465
1770815125344, 1770815380668
1770815124942, 1770815380962
1770815122887, 1770815380993
1770815112956, 1770815381473
1770815125485, 1770815381671
1770815125119, 1770815381976
1770815122366, 1770815382022
1770815113320, 1770815382469
1770815126507, 1770815382700
1770815125718, 1770815382996
1770815123361, 1770815383050
1770815113948, 1770815383475
1770815126750, 1770815383706
1770815126554, 1770815383999
1770815124386, 1770815384078
1770815113694, 1770815384476
1770815127074, 1770815384701
1770815127169, 1770815385010
1770815124890, 1770815385103
1770815114197, 1770815385491
1770815126849, 1770815385692
1770815128730, 1770815386023
1770815125217, 1770815386121
1770815114712, 1770815386487
1770815128163, 1770815386684
1770815129414, 1770815387032
1770815126106, 1770815387139
1770815114630, 1770815387504
1770815127095, 1770815387682
1770815129449, 1770815388035
1770815126787, 1770815388161
1770815115103, 1770815388502
1770815128795, 1770815388673
1770815129062, 1770815389043
1770815126840, 1770815389187
1770815114912, 1770815389513
1770815127178, 1770815389661
1770815130452, 1770815390048
1770815127849, 1770815390204
1770815115640, 1770815390515
1770815129335, 1770815390652
1770815131320, 1770815391062
1770815128966, 1770815391225
1770815115925, 1770815391525
1770815129201, 1770815391637
1770815131866, 1770815392070
1770815129235, 1770815392244
1770815116748, 1770815392524
1770815127641, 1770815392629
1770815131584, 1770815393063
1770815130049, 1770815393269
1770815117167, 1770815393525
1770815128343, 1770815393622
1770815131781, 1770815394057
1770815130100, 1770815394343
1770815117318, 1770815394540
1770815129356, 1770815394624
1770815132093, 1770815395050
1770815130077, 1770815395364
1770815117870, 1770815395533
1770815130020, 1770815395624
1770815132779, 1770815396039
1770815131449, 1770815396385
1770815118134, 1770815396539
1770815129546, 1770815396622
1770815132415, 1770815397033
1770815130506, 1770815397401
1770815117712, 1770815397537
1770815130587, 1770815397624
1770815133159, 1770815398040
1770815131500, 1770815398418
1770815118201, 1770815398543
1770815129272, 1770815398624
1770815132890, 1770815399032
1770815132026, 1770815399436
1770815118238, 1770815399554
1770815130607, 1770815399628
1770815134236, 1770815400031
1770815132239, 1770815400450
1770815118578, 1770815400549
1770815131359, 1770815400626
1770815135346, 1770815401030
1770815132299, 1770815401463
1770815118841, 1770815401560
1770815131239, 1770815401626
1770815135803, 1770815402028
1770815133196, 1770815402478
1770815119889, 1770815402554
1770815132045, 1770815402630
1770815095764, 1770815403033
1770815133210, 1770815403497
1770815120220, 1770815403560
1770815131862, 1770815403633
1770815096022, 1770815404032
1770815134418, 1770815404513
1770815120057, 1770815404565
1770815133018, 1770815404639
1770815096697, 1770815405029
1770815134923, 1770815405527
1770815120892, 1770815405565
1770815133641, 1770815405646
1770815098654, 1770815406021
1770815134700, 1770815406541
1770815121023, 1770815406557
1770815134136, 1770815406651
1770815099064, 1770815407013
1770815121673, 1770815407573
1770815134753, 1770815407574
1770815134920, 1770815407652
1770815098933, 1770815408012
1770815096386, 1770815408597
1770815121887, 1770815408614
1770815135405, 1770815408662
1770815099823, 1770815409021
1770815097687, 1770815409601
1770815122058, 1770815409652
1770815135522, 1770815409662
1770815100160, 1770815410028
1770815097705, 1770815410648
1770815135873, 1770815410684
1770815122537, 1770815410692
1770815100827, 1770815411030
1770815097779, 1770815411664
1770815097107, 1770815411720
1770815122287, 1770815411733
1770815100993, 1770815412033
1770815097851, 1770815412667
1770815097452, 1770815412745
1770815123397, 1770815412767
1770815101054, 1770815413043
1770815098229, 1770815413669
1770815097675, 1770815413757
1770815123756, 1770815413801
1770815101455, 1770815414057
1770815098425, 1770815414684
1770815098004, 1770815414763
1770815124063, 1770815414834
1770815103781, 1770815415065
1770815098987, 1770815415681
1770815098150, 1770815415778
1770815124627, 1770815415860
1770815103658, 1770815416137
1770815099011, 1770815416697
1770815098405, 1770815416788
1770815125110, 1770815416883
1770815103948, 1770815417149
1770815099299, 1770815417695
1770815098390, 1770815417797
1770815125945, 1770815417911
1770815104657, 1770815418171
1770815099185, 1770815418707
1770815098545, 1770815418804
1770815126637, 1770815418944
1770815104454, 1770815419179
1770815099945, 1770815419710
1770815100005, 1770815419815
1770815126739, 1770815419973
1770815104206, 1770815420185
1770815100637, 1770815420726
1770815100602, 1770815420821
1770815127285, 1770815420993
1770815105371, 1770815421191
1770815100695, 1770815421728
1770815100717, 1770815421824
1770815126995, 1770815422013
1770815106311, 1770815422202
1770815101560, 1770815422743
1770815100758, 1770815422823
1770815127823, 1770815423049
1770815106346, 1770815423210
1770815101674, 1770815423745
1770815101115, 1770815423831
1770815128023, 1770815424075
1770815107118, 1770815424219
1770815101781, 1770815424759
1770815101787, 1770815424830
1770815127958, 1770815425105
1770815107813, 1770815425230
1770815102182, 1770815425766
1770815102263, 1770815425828
1770815128626, 1770815426130
1770815107917, 1770815426243
1770815102251, 1770815426779
1770815102425, 1770815426827
1770815128852, 1770815427195
1770815109285, 1770815427247
1770815103007, 1770815427782
1770815102435, 1770815427829
1770815129638, 1770815428227
1770815110147, 1770815428262
1770815103538, 1770815428797
1770815102806, 1770815428828
1770815129995, 1770815429258
1770815110543, 1770815429263
1770815103830, 1770815429796
1770815102973, 1770815429822
1770815110173, 1770815430294
1770815128517, 1770815430304
1770815104176, 1770815430816
1770815103492, 1770815430819
1770815110544, 1770815431320
1770815130478, 1770815431340
1770815103816, 1770815431836
1770815104279, 1770815431839
1770815111072, 1770815432343
1770815131010, 1770815432366
1770815104087, 1770815432867
1770815104211, 1770815432909
1770815110734, 1770815433352
1770815131684, 1770815433401
1770815104982, 1770815433885
1770815103864, 1770815433910
1770815111119, 1770815434359
1770815132308, 1770815434439
1770815104864, 1770815434893
1770815104796, 1770815434902
1770815111158, 1770815435368
1770815132220, 1770815435459
1770815104122, 1770815435914
1770815105017, 1770815435917
1770815112791, 1770815436376
1770815132468, 1770815436475
1770815104986, 1770815436919
1770815105751, 1770815436952
1770815113410, 1770815437377
1770815133434, 1770815437507
1770815106345, 1770815437915
1770815105238, 1770815437962
1770815114394, 1770815438386
1770815134127, 1770815438533
1770815106580, 1770815438914
1770815107206, 1770815438973
1770815114572, 1770815439390
1770815134039, 1770815439563
1770815107672, 1770815439912
1770815107222, 1770815439979
1770815115046, 1770815440387
1770815134165, 1770815440584
1770815107185, 1770815440913
1770815107347, 1770815440990
1770815115989, 1770815441382
1770815135002, 1770815441617
1770815107628, 1770815441913
1770815107418, 1770815441995
1770815115879, 1770815442377
1770815134836, 1770815442645
1770815107751, 1770815442914
1770815108357, 1770815443001
1770815116390, 1770815443363
1770815095724, 1770815443659
1770815108421, 1770815443908
1770815107804, 1770815443996
1770815117380, 1770815444350
1770815095903, 1770815444676
1770815108456, 1770815444910
1770815107453, 1770815445003
1770815117899, 1770815445341
1770815097744, 1770815445696
1770815109263, 1770815445906
1770815108924, 1770815446004
1770815119796, 1770815446328
1770815098301, 1770815446718
1770815109984, 1770815446908
1770815110105, 1770815447000
1770815118948, 1770815447322
1770815101331, 1770815447730
1770815110345, 1770815447906
1770815111723, 1770815448012
1770815119904, 1770815448311
1770815101504, 1770815448750
1770815111188, 1770815448906
1770815111851, 1770815449024
1770815120364, 1770815449303
1770815101525, 1770815449767
1770815111612, 1770815449908
1770815114187, 1770815450030
1770815120581, 1770815450295
1770815101960, 1770815450784
1770815112112, 1770815450916
1770815115098, 1770815451021
1770815120751, 1770815451282
1770815102179, 1770815451796
1770815112026, 1770815451921
1770815115317, 1770815452032
1770815121840, 1770815452275
1770815102800, 1770815452808
1770815112413, 1770815452926
1770815116216, 1770815453026
1770815121551, 1770815453280
1770815103443, 1770815453819
1770815113252, 1770815453929
1770815116956, 1770815454034
1770815122242, 1770815454272
1770815103933, 1770815454847
1770815113833, 1770815454927
1770815117603, 1770815455036
1770815121633, 1770815455269
1770815103670, 1770815455866
1770815114414, 1770815455930
1770815117676, 1770815456039
1770815122869, 1770815456266
1770815104831, 1770815456882
1770815114542, 1770815456942
1770815117983, 1770815457029
1770815123160, 1770815457267
1770815103913, 1770815457913
1770815114070, 1770815457961
1770815119801, 1770815458043
1770815123649, 1770815458262
1770815104171, 1770815458938
1770815114359, 1770815458966
1770815121188, 1770815459037
1770815124082, 1770815459261
1770815115178, 1770815459972
1770815104378, 1770815459973
1770815121751, 1770815460047
1770815124415, 1770815460260
1770815115184, 1770815461007
1770815104668, 1770815461015
1770815121752, 1770815461043
1770815125829, 1770815461265
1770815115800, 1770815462040
1770815105154, 1770815462059
1770815121261, 1770815462066
1770815126287, 1770815462268
1770815116667, 1770815463071
1770815122260, 1770815463094
1770815107999, 1770815463123
1770815127019, 1770815463276
1770815117122, 1770815464079
1770815122227, 1770815464114
1770815107724, 1770815464205
1770815126867, 1770815464278
1770815117928, 1770815465080
1770815122618, 1770815465115
1770815108414, 1770815465237
1770815127236, 1770815465289
1770815118932, 1770815466081
1770815123315, 1770815466114
1770815109204, 1770815466267
1770815127574, 1770815466300
1770815119516, 1770815467080
1770815123613, 1770815467119
1770815128228, 1770815467307
1770815110901, 1770815467308
1770815119414, 1770815468081
1770815123685, 1770815468124
1770815129328, 1770815468349
1770815111357, 1770815468366
1770815119645, 1770815469081
1770815124607, 1770815469127
1770815129222, 1770815469376
1770815112221, 1770815469400
1770815119835, 1770815470076
1770815124954, 1770815470137
1770815130361, 1770815470409
1770815112228, 1770815470429
1770815120516, 1770815471075
1770815125150, 1770815471147
1770815130688, 1770815471425
1770815112512, 1770815471452
1770815121106, 1770815472072
1770815125938, 1770815472147
1770815130679, 1770815472435
1770815112674, 1770815472477
1770815122372, 1770815473068
1770815125470, 1770815473159
1770815132051, 1770815473440
1770815112895, 1770815473503
1770815122552, 1770815474069
1770815126134, 1770815474170
1770815133334, 1770815474452
1770815113357, 1770815474529
1770815122538, 1770815475062
1770815126180, 1770815475175
1770815133414, 1770815475466
1770815112457, 1770815475549
1770815121537, 1770815476053
1770815127455, 1770815476175
1770815133987, 1770815476475
1770815113437, 1770815476567
1770815122632, 1770815477045
1770815127698, 1770815477186
1770815134320, 1770815477483
1770815113169, 1770815477580
1770815123133, 1770815478038
1770815130783, 1770815478187
1770815134975, 1770815478477
1770815113413, 1770815478612
1770815124569, 1770815479031
1770815131659, 1770815479204
1770815135314, 1770815479477
1770815114325, 1770815479635
1770815125000, 1770815480024
1770815131730, 1770815480206
1770815095980, 1770815480475
1770815114131, 1770815480659
1770815125633, 1770815481014
1770815132194, 1770815481222
1770815096300, 1770815481470
1770815115018, 1770815481691
1770815125554, 1770815482013
1770815132171, 1770815482219
1770815096352, 1770815482461
1770815115827, 1770815482711
1770815126106, 1770815483011
1770815132386, 1770815483234
1770815096335, 1770815483451
1770815116320, 1770815483742
1770815126160, 1770815484011
1770815132920, 1770815484231
1770815096620, 1770815484446
1770815116474, 1770815484759
1770815126630, 1770815485017
1770815133615, 1770815485246
1770815096628, 1770815485440
1770815116955, 1770815485780
1770815126244, 1770815486016
1770815134471, 1770815486302
1770815097825, 1770815486433
1770815117075, 1770815486804
1770815127489, 1770815487023
1770815096491, 1770815487315
1770815097854, 1770815487427
1770815117130, 1770815487820
1770815127988, 1770815488029
1770815097131, 1770815488319
1770815098964, 1770815488431
1770815117505, 1770815488839
1770815128092, 1770815489037
1770815097361, 1770815489337
1770815099252, 1770815489427
1770815117298, 1770815489850
1770815128153, 1770815490101
1770815097997, 1770815490341
1770815100294, 1770815490477
1770815118124, 1770815490865
1770815128713, 1770815491112
1770815098472, 1770815491347
1770815101063, 1770815491474
1770815118663, 1770815491897
1770815128661, 1770815492117
1770815098729, 1770815492352
1770815101668, 1770815492463
1770815119125, 1770815492907
1770815128979, 1770815493124
1770815099022, 1770815493349
1770815102465, 1770815493457
1770815119279, 1770815493930
1770815128767, 1770815494139
1770815100600, 1770815494392
1770815102401, 1770815494453
1770815119574, 1770815494948
1770815129603, 1770815495152
1770815102287, 1770815495404
1770815102620, 1770815495445
1770815119615, 1770815495962
1770815129768, 1770815496161
1770815102472, 1770815496402
1770815103042, 1770815496443
1770815121117, 1770815496976
1770815130425, 1770815497170
1770815102998, 1770815497410
1770815103454, 1770815497435
1770815120230, 1770815497984
1770815130112, 1770815498173
1770815102732, 1770815498406
1770815103630, 1770815498432
1770815120340, 1770815498995
1770815130931, 1770815499172
1770815104382, 1770815499430
1770815103192, 1770815499436
1770815121597, 1770815499999
1770815130366, 1770815500177
1770815104306, 1770815500441
1770815105125, 1770815500451
1770815121213, 1770815501027
1770815130536, 1770815501180
1770815104616, 1770815501458
1770815104697, 1770815501461
1770815121352, 1770815502055
1770815134595, 1770815502187
1770815104959, 1770815502471
1770815105293, 1770815502477
1770815122216, 1770815503068
1770815135088, 1770815503196
1770815106248, 1770815503478
1770815105679, 1770815503505
1770815123430, 1770815504083
1770815135468, 1770815504195
1770815105993, 1770815504477
1770815105683, 1770815504500
1770815123456, 1770815505114
1770815096239, 1770815505192
1770815106823, 1770815505475
1770815106608, 1770815505510
1770815124442, 1770815506142
1770815096875, 1770815506193
1770815106893, 1770815506483
1770815106554, 1770815506505
1770815127345, 1770815507158
1770815096875, 1770815507200
1770815106636, 1770815507480
1770815107260, 1770815507515
1770815127671, 1770815508179
1770815097775, 1770815508205
1770815107848, 1770815508481
1770815107152, 1770815508511
1770815128338, 1770815509205
1770815099219, 1770815509207
1770815107077, 1770815509484
1770815108133, 1770815509516
1770815129882, 1770815510244
1770815099627, 1770815510249
1770815108160, 1770815510504
1770815109499, 1770815510516
1770815130743, 1770815511273
1770815100555, 1770815511285
1770815108207, 1770815511517
1770815109193, 1770815511528
1770815131100, 1770815512293
1770815101176, 1770815512315
1770815108612, 1770815512527
1770815109110, 1770815512540
1770815131737, 1770815513304
1770815101296, 1770815513337
1770815109981, 1770815513536
1770815109228, 1770815513549
1770815131213, 1770815514300
1770815101351, 1770815514365
1770815110016, 1770815514551
1770815110378, 1770815514556
1770815132167, 1770815515305
1770815101545, 1770815515390
1770815111047, 1770815515565
1770815109699, 1770815515581
1770815131766, 1770815516316
1770815101753, 1770815516410
1770815111411, 1770815516570
1770815109870, 1770815516584
1770815132331, 1770815517309
1770815102325, 1770815517438
1770815111903, 1770815517583
1770815110356, 1770815517608
1770815133084, 1770815518311
1770815103326, 1770815518463
1770815112156, 1770815518590
1770815110824, 1770815518611
1770815133250, 1770815519314
1770815103512, 1770815519485
1770815112342, 1770815519598
1770815111394, 1770815519615
1770815133727, 1770815520306
1770815103623, 1770815520513
1770815112708, 1770815520603
1770815111873, 1770815520617
1770815133025, 1770815521298
1770815103795, 1770815521539
1770815113249, 1770815521615
1770815112405, 1770815521638
1770815134281, 1770815522307
1770815104340, 1770815522566
1770815113083, 1770815522622
1770815111908, 1770815522634
1770815134744, 1770815523304
1770815105074, 1770815523594
1770815113776, 1770815523638
1770815112916, 1770815523669
1770815135066, 1770815524296
1770815105798, 1770815524613
1770815114170, 1770815524650
1770815112193, 1770815524665
1770815095468, 1770815525290
1770815105983, 1770815525637
1770815113193, 1770815525659
1770815113858, 1770815525685
1770815095590, 1770815526284
1770815116188, 1770815526669
1770815105521, 1770815526679
1770815113113, 1770815526686
1770815095776, 1770815527273
1770815114992, 1770815527725
1770815106765, 1770815527726
1770815116326, 1770815527730
1770815095869, 1770815528254
1770815108081, 1770815528767
1770815113148, 1770815528785
1770815116999, 1770815528800
1770815095994, 1770815529234
1770815108490, 1770815529786
1770815116105, 1770815529820
1770815116436, 1770815529839
1770815097018, 1770815530222
1770815108694, 1770815530782
1770815116694, 1770815530841
1770815117344, 1770815530868
1770815097371, 1770815531215
1770815110118, 1770815531789
1770815113687, 1770815531856
1770815117654, 1770815531888
1770815097721, 1770815532212
1770815110208, 1770815532793
1770815117160, 1770815532871
1770815117762, 1770815532906
1770815097814, 1770815533220
1770815111367, 1770815533783
1770815113967, 1770815533874
1770815118050, 1770815533935
1770815098035, 1770815534222
1770815112637, 1770815534789
1770815117882, 1770815534879
1770815117932, 1770815534967
1770815098251, 1770815535229
1770815112724, 1770815535778
1770815115502, 1770815535889
1770815119167, 1770815535994
1770815098507, 1770815536233
1770815112817, 1770815536787
1770815116643, 1770815536885
1770815118491, 1770815537029
1770815099080, 1770815537236
1770815113035, 1770815537780
1770815119004, 1770815537890
1770815118744, 1770815538058
1770815099255, 1770815538244
1770815113640, 1770815538790
1770815119108, 1770815538895
1770815118521, 1770815539084
1770815099682, 1770815539256
1770815114404, 1770815539789
1770815121812, 1770815539895
1770815119651, 1770815540115
1770815099358, 1770815540257
1770815114996, 1770815540783
1770815123027, 1770815540896
1770815119528, 1770815541142
1770815100451, 1770815541255
1770815117825, 1770815541791
1770815123008, 1770815541894
1770815119944, 1770815542172
1770815100958, 1770815542259
1770815117673, 1770815542784
1770815123300, 1770815542898
1770815120784, 1770815543212
1770815101864, 1770815543259
1770815118162, 1770815543793
1770815123571, 1770815543902
1770815120141, 1770815544255
1770815103415, 1770815544263
1770815119999, 1770815544796
1770815123810, 1770815544901
1770815103434, 1770815545291
1770815120054, 1770815545297
1770815120286, 1770815545794
1770815125690, 1770815545903
1770815103899, 1770815546321
1770815121153, 1770815546339
1770815120786, 1770815546804
1770815126800, 1770815546904
1770815104589, 1770815547339
1770815120324, 1770815547367
1770815120328, 1770815547799
1770815127134, 1770815547897
1770815105610, 1770815548343
1770815121245, 1770815548400
1770815121272, 1770815548810
1770815127418, 1770815548893
1770815106085, 1770815549347
1770815121994, 1770815549429
1770815121301, 1770815549810
1770815127562, 1770815549880
1770815105826, 1770815550349
1770815121510, 1770815550500
1770815121922, 1770815550824
1770815127372, 1770815550879
1770815105853, 1770815551347
1770815122186, 1770815551549
1770815122314, 1770815551822
1770815127708, 1770815551878
1770815107669, 1770815552342
1770815122952, 1770815552577
1770815122509, 1770815552828
1770815127863, 1770815552881
1770815108298, 1770815553326
1770815122851, 1770815553612
1770815122588, 1770815553830
1770815128267, 1770815553883
1770815109388, 1770815554323
1770815123827, 1770815554640
1770815122592, 1770815554837
1770815128489, 1770815554894
1770815109233, 1770815555321
1770815123961, 1770815555669
1770815122737, 1770815555831
1770815128409, 1770815555892
1770815109644, 1770815556319
1770815124964, 1770815556692
1770815122815, 1770815556845
1770815128801, 1770815556896
1770815110689, 1770815557320
1770815125681, 1770815557723
1770815123065, 1770815557844
1770815128822, 1770815557902
1770815111043, 1770815558316
1770815128302, 1770815558742
1770815124586, 1770815558859
1770815129385, 1770815558914
1770815111107, 1770815559365
1770815127727, 1770815559776
1770815124653, 1770815559856
1770815129715, 1770815559921
1770815111099, 1770815560356
1770815128545, 1770815560802
1770815124842, 1770815560923
1770815130139, 1770815560930
1770815112644, 1770815561342
1770815128944, 1770815561826
1770815125256, 1770815561938
1770815130326, 1770815561961
1770815114464, 1770815562335
1770815130563, 1770815562850
1770815125434, 1770815562947
1770815130997, 1770815562971
1770815114467, 1770815563334
1770815130858, 1770815563872
1770815125764, 1770815563944
1770815131157, 1770815563984
1770815114850, 1770815564331
1770815131446, 1770815564900
1770815126427, 1770815564956
1770815131473, 1770815565020
1770815115853, 1770815565324
1770815131356, 1770815565928
1770815125805, 1770815565954
1770815132494, 1770815566042
1770815115825, 1770815566329
1770815132360, 1770815566954
1770815126730, 1770815566956
1770815132964, 1770815567050
1770815116352, 1770815567333
1770815127096, 1770815567977
1770815132610, 1770815568000
1770815133688, 1770815568063
1770815116077, 1770815568343
1770815127201, 1770815568995
1770815133514, 1770815569028
1770815134022, 1770815569077
1770815116750, 1770815569349
1770815127527, 1770815569996
1770815133532, 1770815570048
1770815135033, 1770815570093
1770815116895, 1770815570369
1770815128374, 1770815570992
1770815133891, 1770815571070
1770815096405, 1770815571111
1770815116820, 1770815571378
1770815128370, 1770815571997
1770815134345, 1770815572091
1770815096689, 1770815572123
1770815116925, 1770815572389
1770815128396, 1770815572990
1770815134796, 1770815573124
1770815096794, 1770815573124
1770815117218, 1770815573393
1770815128683, 1770815573995
1770815096683, 1770815574163
1770815134525, 1770815574182
1770815118374, 1770815574396
1770815128695, 1770815574989
1770815096766, 1770815575197
1770815134958, 1770815575223
1770815118583, 1770815575412
1770815128770, 1770815575997
1770815096941, 1770815576196
1770815135190, 1770815576271
1770815119707, 1770815576418
1770815129497, 1770815576991
1770815098105, 1770815577208
1770815135768, 1770815577302
1770815119676, 1770815577426
1770815129061, 1770815577998
1770815098112, 1770815578218
1770815095938, 1770815578327
1770815120026, 1770815578433
1770815129096, 1770815578998
1770815098209, 1770815579216
1770815096184, 1770815579360
1770815121217, 1770815579440
1770815130845, 1770815580001
1770815098624, 1770815580219
1770815096407, 1770815580396
1770815121328, 1770815580451
1770815130871, 1770815580994
1770815099485, 1770815581215
1770815096447, 1770815581432
1770815121610, 1770815581464
1770815131836, 1770815582000
1770815099662, 1770815582214
1770815122030, 1770815582467
1770815096724, 1770815582468
1770815132632, 1770815583001
1770815099970, 1770815583207
1770815096717, 1770815583499
1770815121911, 1770815583517
1770815132680, 1770815583991
1770815101605, 1770815584203
1770815100091, 1770815584509
1770815122511, 1770815584555
1770815133029, 1770815585001
1770815101710, 1770815585200
1770815101044, 1770815585514
1770815122775, 1770815585591
1770815133057, 1770815586006
1770815102136, 1770815586200
1770815101585, 1770815586520
1770815123866, 1770815586616
1770815133195, 1770815586999
1770815102437, 1770815587196
1770815102286, 1770815587522
1770815123327, 1770815587641
1770815133780, 1770815588007
1770815102835, 1770815588195
1770815102884, 1770815588525
1770815124272, 1770815588662
1770815134640, 1770815589001
1770815102876, 1770815589188
1770815102469, 1770815589529
1770815124303, 1770815589691
1770815134497, 1770815590010
1770815105073, 1770815590183
1770815103547, 1770815590524
1770815124451, 1770815590705
1770815134784, 1770815591002
1770815106247, 1770815591173
1770815104348, 1770815591517
1770815124927, 1770815591731
1770815135733, 1770815592011
1770815106270, 1770815592163
1770815104511, 1770815592518
1770815124928, 1770815592752
1770815096323, 1770815593007
1770815106928, 1770815593155
1770815105182, 1770815593511
1770815125146, 1770815593770
1770815096509, 1770815594017
1770815107314, 1770815594152
1770815105769, 1770815594508
1770815127034, 1770815594798
1770815096732, 1770815595013
1770815108397, 1770815595147
1770815107422, 1770815595505
1770815126880, 1770815595813
1770815097470, 1770815596022
1770815108923, 1770815596145
1770815106035, 1770815596537
1770815127296, 1770815596839
1770815097886, 1770815597019
1770815108834, 1770815597148
1770815106523, 1770815597530
1770815128592, 1770815597858
1770815098781, 1770815598069
1770815108992, 1770815598148
1770815107876, 1770815598524
1770815129554, 1770815598885
1770815099323, 1770815599064
1770815112602, 1770815599155
1770815108314, 1770815599514
1770815129343, 1770815599903
1770815099441, 1770815600074
1770815113166, 1770815600156
1770815108215, 1770815600508
1770815130283, 1770815600923
1770815099886, 1770815601071
1770815114047, 1770815601155
1770815109472, 1770815601505
1770815129523, 1770815601933
1770815100082, 1770815602081
1770815114075, 1770815602178
1770815109984, 1770815602499
1770815130310, 1770815602951
1770815101184, 1770815603074
1770815114759, 1770815603191
1770815110133, 1770815603490
1770815130739, 1770815603961
1770815101920, 1770815604078
1770815114377, 1770815604193
1770815110153, 1770815604480
1770815131119, 1770815604980
1770815102700, 1770815605075
1770815115478, 1770815605198
1770815110884, 1770815605478
1770815131267, 1770815605986
1770815103400, 1770815606085
1770815115612, 1770815606203
1770815111084, 1770815606473
1770815131996, 1770815606990
1770815103201, 1770815607079
1770815115650, 1770815607207
1770815111556, 1770815607469
1770815132509, 1770815608064
1770815103503, 1770815608086
1770815115613, 1770815608205
1770815111539, 1770815608470
1770815103773, 1770815609081
1770815133441, 1770815609082
1770815115718, 1770815609217
1770815111946, 1770815609470
1770815133618, 1770815610111
1770815103968, 1770815610118
1770815116149, 1770815610226
1770815111765, 1770815610470
1770815133669, 1770815611117
1770815104761, 1770815611155
1770815117842, 1770815611227
1770815112050, 1770815611470
1770815133958, 1770815612133
1770815105463, 1770815612187
1770815118552, 1770815612245
1770815111438, 1770815612478
1770815134488, 1770815613135
1770815106111, 1770815613210
1770815118921, 1770815613259
1770815112593, 1770815613489
1770815134389, 1770815614152
1770815107463, 1770815614234
1770815118704, 1770815614276
1770815112567, 1770815614500
1770815095653, 1770815615166
1770815108813, 1770815615268
1770815119758, 1770815615287
1770815114002, 1770815615508
1770815095982, 1770815616172
1770815119966, 1770815616292
1770815109232, 1770815616299
1770815114677, 1770815616515
1770815096050, 1770815617174
1770815119229, 1770815617326
1770815109444, 1770815617346
1770815115151, 1770815617520
1770815096223, 1770815618184
1770815119801, 1770815618342
1770815109096, 1770815618377
1770815115138, 1770815618523
1770815097343, 1770815619180
1770815121078, 1770815619344
1770815109952, 1770815619406
1770815115263, 1770815619532
1770815097494, 1770815620178
1770815121963, 1770815620351
1770815111019, 1770815620435
1770815115583, 1770815620537
1770815098264, 1770815621184
1770815122042, 1770815621358
1770815111980, 1770815621464
1770815115757, 1770815621538
1770815098608, 1770815622182
1770815122779, 1770815622358
1770815111656, 1770815622494
1770815116408, 1770815622549
1770815098723, 1770815623181
1770815123792, 1770815623362
1770815112751, 1770815623518
1770815116612, 1770815623559
1770815099818, 1770815624184
1770815124009, 1770815624365
1770815113618, 1770815624552
1770815117464, 1770815624568
1770815099973, 1770815625187
1770815124693, 1770815625365
1770815117483, 1770815625587
1770815113863, 1770815625591
1770815100139, 1770815626188
1770815125150, 1770815626360
1770815117861, 1770815626628
1770815113724, 1770815626642
1770815100488, 1770815627197
1770815124010, 1770815627357
1770815119707, 1770815627651
1770815113671, 1770815627676
1770815100641, 1770815628199
1770815125399, 1770815628355
1770815120313, 1770815628657
1770815113975, 1770815628707
1770815100888, 1770815629212
1770815126538, 1770815629352
1770815121051, 1770815629660
1770815114326, 1770815629736
1770815101080, 1770815630215
1770815126704, 1770815630352
1770815121045, 1770815630668
1770815115236, 1770815630762
1770815101713, 1770815631221
1770815127269, 1770815631350
1770815121299, 1770815631672
1770815116051, 1770815631785
1770815101668, 1770815632220
1770815127339, 1770815632349
1770815121725, 1770815632677
1770815118496, 1770815632807
1770815101826, 1770815633233
1770815127386, 1770815633343
1770815121515, 1770815633687
1770815118609, 1770815633827
1770815101940, 1770815634228
1770815127670, 1770815634336
1770815122340, 1770815634692
1770815118523, 1770815634844
1770815102249, 1770815635238
1770815127813, 1770815635335
1770815123105, 1770815635693
1770815119051, 1770815635862
1770815102846, 1770815636241
1770815128232, 1770815636336
1770815121958, 1770815636689
1770815118701, 1770815636875
1770815102842, 1770815637251
1770815128179, 1770815637328
1770815123837, 1770815637687
1770815119180, 1770815637896
1770815103016, 1770815638252
1770815128206, 1770815638320
1770815123029, 1770815638682
1770815119322, 1770815638913
1770815103990, 1770815639263
1770815129517, 1770815639322
1770815124558, 1770815639680
1770815119645, 1770815639948
1770815103878, 1770815640265
1770815129851, 1770815640390
1770815123433, 1770815640681
1770815120258, 1770815640969
1770815104240, 1770815641262
1770815130818, 1770815641388
1770815125187, 1770815641678
1770815119557, 1770815641988
1770815104484, 1770815642274
1770815130810, 1770815642388
1770815124982, 1770815642678
1770815122744, 1770815642998
1770815104967, 1770815643264
1770815132167, 1770815643384
1770815126017, 1770815643673
1770815123174, 1770815644018
1770815105561, 1770815644274
1770815132919, 1770815644380
1770815125527, 1770815644669
1770815124157, 1770815645030
1770815106496, 1770815645269
1770815134443, 1770815645380
1770815127426, 1770815645674
1770815124181, 1770815646044
1770815106880, 1770815646281
1770815134918, 1770815646381
1770815127632, 1770815646731
1770815124805, 1770815647061
1770815106846, 1770815647281
1770815134605, 1770815647389
1770815127466, 1770815647732
1770815125120, 1770815648081
1770815108640, 1770815648349
1770815096900, 1770815648392
1770815127938, 1770815648733
1770815126060, 1770815649099
1770815109061, 1770815649358
1770815097093, 1770815649393
1770815128486, 1770815649732
1770815126049, 1770815650118
1770815109458, 1770815650351
1770815097336, 1770815650400
1770815128422, 1770815650738
1770815126045, 1770815651134
1770815109923, 1770815651359
1770815097411, 1770815651408
1770815129092, 1770815651739
1770815126621, 1770815652151
1770815110445, 1770815652367
1770815097512, 1770815652417
1770815129249, 1770815652738
1770815129121, 1770815653162
1770815112015, 1770815653362
1770815097959, 1770815653425
1770815129739, 1770815653732
1770815129378, 1770815654167
1770815112194, 1770815654368
1770815098356, 1770815654429
1770815129745, 1770815654723
1770815129558, 1770815655170
1770815112823, 1770815655360
1770815098437, 1770815655435
1770815129991, 1770815655716
1770815130135, 1770815656179
1770815113331, 1770815656373
1770815098765, 1770815656441
1770815129831, 1770815656709
1770815130786, 1770815657183
1770815113587, 1770815657363
1770815098920, 1770815657458
1770815130084, 1770815657696
1770815130969, 1770815658197
1770815114498, 1770815658371
1770815100186, 1770815658460
1770815129960, 1770815658689
1770815131051, 1770815659201
1770815114441, 1770815659361
1770815102025, 1770815659466
1770815131083, 1770815659680
1770815132054, 1770815660210
1770815115387, 1770815660375
1770815104017, 1770815660473
1770815132442, 1770815660676
1770815132438, 1770815661214
1770815115648, 1770815661374
1770815104522, 1770815661477
1770815132838, 1770815661670
1770815132580, 1770815662232
1770815115414, 1770815662370
1770815105213, 1770815662481
1770815133890, 1770815662667
1770815132938, 1770815663244
1770815115897, 1770815663377
1770815105267, 1770815663481
1770815134280, 1770815663661
1770815133723, 1770815664259
1770815116495, 1770815664379
1770815105716, 1770815664482
1770815134948, 1770815664658
1770815133950, 1770815665274
1770815117408, 1770815665386
1770815106308, 1770815665489
1770815135030, 1770815665652
1770815133778, 1770815666289
1770815117896, 1770815666378
1770815108001, 1770815666496
1770815135838, 1770815666650
1770815134649, 1770815667303
1770815117727, 1770815667380
1770815110590, 1770815667502
1770815097217, 1770815667652
1770815134057, 1770815668317
1770815118191, 1770815668386
1770815110418, 1770815668510
1770815097264, 1770815668657
1770815134645, 1770815669330
1770815119168, 1770815669384
1770815110950, 1770815669518
1770815098943, 1770815669656
1770815134092, 1770815670342
1770815120469, 1770815670384
1770815111126, 1770815670526
1770815098898, 1770815670657
1770815134453, 1770815671357
1770815120367, 1770815671394
1770815111329, 1770815671531
1770815100050, 1770815671679
1770815134888, 1770815672374
1770815120928, 1770815672393
1770815112121, 1770815672537
1770815100514, 1770815672680
1770815135253, 1770815673391
1770815120627, 1770815673417
1770815113139, 1770815673546
1770815100923, 1770815673684
1770815096612, 1770815674413
1770815121268, 1770815674419
1770815113724, 1770815674557
1770815101009, 1770815674696
1770815096801, 1770815675447
1770815121428, 1770815675451
1770815113561, 1770815675564
1770815101385, 1770815675700
1770815097283, 1770815676471
1770815121779, 1770815676492
1770815113828, 1770815676570
1770815101630, 1770815676710
1770815097652, 1770815677471
1770815121464, 1770815677576
1770815113667, 1770815677599
1770815101822, 1770815677719
1770815097888, 1770815678465
1770815122923, 1770815678598
1770815114352, 1770815678626
1770815102016, 1770815678726
1770815098694, 1770815679474
1770815122233, 1770815679625
1770815115468, 1770815679642
1770815102093, 1770815679736
1770815099128, 1770815680465
1770815123214, 1770815680656
1770815115861, 1770815680657
1770815102384, 1770815680735
1770815099697, 1770815681470
1770815115441, 1770815681689
1770815122830, 1770815681698
1770815103080, 1770815681748
1770815100219, 1770815682464
1770815116363, 1770815682742
1770815123637, 1770815682751
1770815103085, 1770815682753
1770815100325, 1770815683473
1770815116160, 1770815683800
1770815103261, 1770815683809
1770815123500, 1770815683817
1770815100786, 1770815684467
1770815117457, 1770815684854
1770815103708, 1770815684865
1770815124099, 1770815684877
1770815101098, 1770815685473
1770815117436, 1770815685893
1770815103330, 1770815685908
1770815124035, 1770815685936
1770815101265, 1770815686467
1770815118210, 1770815686922
1770815103844, 1770815686946
1770815124331, 1770815686974
1770815101305, 1770815687476
1770815118484, 1770815687939
1770815104102, 1770815687956
1770815124665, 1770815688004
1770815101491, 1770815688472
1770815119295, 1770815688966
1770815105684, 1770815688976
1770815124327, 1770815689032
1770815101570, 1770815689480
1770815119835, 1770815689998
1770815107053, 1770815690005
1770815124738, 1770815690059
1770815101925, 1770815690476
1770815120215, 1770815691036
1770815105965, 1770815691040
1770815125063, 1770815691091
1770815101994, 1770815691486
1770815120562, 1770815692071
1770815107542, 1770815692076
1770815125471, 1770815692121
1770815102595, 1770815692480
1770815107158, 1770815693117
1770815120442, 1770815693118
1770815125773, 1770815693152
1770815102770, 1770815693489
1770815107902, 1770815694156
1770815120636, 1770815694167
1770815125371, 1770815694192
1770815102766, 1770815694479
1770815107947, 1770815695194
1770815120720, 1770815695205
1770815126528, 1770815695233
1770815104458, 1770815695487
1770815107973, 1770815696222
1770815120874, 1770815696247
1770815125746, 1770815696275
1770815105459, 1770815696480
1770815110589, 1770815697231
1770815121723, 1770815697264
1770815126259, 1770815697309
1770815105929, 1770815697490
1770815111340, 1770815698241
1770815121783, 1770815698277
1770815126348, 1770815698335
1770815105797, 1770815698484
1770815111647, 1770815699253
1770815122408, 1770815699293
1770815126582, 1770815699370
1770815106235, 1770815699493
1770815111973, 1770815700259
1770815121977, 1770815700310
1770815126666, 1770815700397
1770815106277, 1770815700489
1770815112307, 1770815701263
1770815123640, 1770815701327
1770815126970, 1770815701419
1770815106380, 1770815701496
1770815113387, 1770815702268
1770815122624, 1770815702338
1770815127036, 1770815702447
1770815106663, 1770815702489
1770815112975, 1770815703275
1770815122992, 1770815703381
1770815127058, 1770815703471
1770815107302, 1770815703496
1770815113750, 1770815704274
1770815125090, 1770815704410
1770815108543, 1770815704498
1770815128128, 1770815704498
1770815114127, 1770815705275
1770815124192, 1770815705417
1770815108710, 1770815705542
1770815127900, 1770815705570
1770815113495, 1770815706272
1770815125606, 1770815706425
1770815108727, 1770815706569
1770815128657, 1770815706580
1770815114641, 1770815707273
1770815125283, 1770815707435
1770815129277, 1770815707587
1770815109339, 1770815707590
1770815114387, 1770815708270
1770815125993, 1770815708437
1770815129363, 1770815708619
1770815109040, 1770815708634
1770815115504, 1770815709271
1770815126202, 1770815709447
1770815130181, 1770815709628
1770815109646, 1770815709665
1770815115898, 1770815710268
1770815126693, 1770815710455
1770815130255, 1770815710622
1770815109765, 1770815710679
1770815116419, 1770815711260
1770815126954, 1770815711466
1770815130493, 1770815711629
1770815110636, 1770815711687
1770815116895, 1770815712252
1770815127151, 1770815712473
1770815130535, 1770815712627
1770815111299, 1770815712701
1770815117195, 1770815713249
1770815127585, 1770815713471
1770815130894, 1770815713622
1770815111803, 1770815713707
1770815116964, 1770815714256
1770815127737, 1770815714467
1770815131476, 1770815714627
1770815111469, 1770815714746
1770815117700, 1770815715290
1770815128339, 1770815715478
1770815131047, 1770815715629
1770815112087, 1770815715759
1770815117682, 1770815716278
1770815128449, 1770815716489
1770815131943, 1770815716627
1770815112698, 1770815716774
1770815117391, 1770815717269
1770815129014, 1770815717495
1770815132785, 1770815717626
1770815114649, 1770815717781
1770815118390, 1770815718255
1770815128575, 1770815718493
1770815131395, 1770815718627
1770815114926, 1770815718791
1770815118979, 1770815719240
1770815128996, 1770815719494
1770815132683, 1770815719618
1770815115556, 1770815719802
1770815119241, 1770815720231
1770815129149, 1770815720502
1770815131694, 1770815720632
1770815115963, 1770815720812
1770815118999, 1770815721222
1770815129242, 1770815721504
1770815132752, 1770815721630
1770815116355, 1770815721825
1770815119462, 1770815722217
1770815130396, 1770815722507
1770815132875, 1770815722631
1770815116121, 1770815722838
1770815120149, 1770815723213
1770815130339, 1770815723504
1770815134027, 1770815723632
1770815116298, 1770815723856
1770815121574, 1770815724206
1770815131073, 1770815724502
1770815133653, 1770815724635
1770815116695, 1770815724864
1770815122032, 1770815725207
1770815131482, 1770815725498
1770815135140, 1770815725635
1770815116857, 1770815725872
1770815122663, 1770815726205
1770815131585, 1770815726496
1770815135393, 1770815726630
1770815116895, 1770815726882
1770815122803, 1770815727219
1770815131710, 1770815727504
1770815135698, 1770815727636
1770815117253, 1770815727892
1770815122717, 1770815728221
1770815132023, 1770815728508
1770815096544, 1770815728638
1770815117617, 1770815728904
1770815122897, 1770815729224
1770815131620, 1770815729509
1770815097152, 1770815729630
1770815117599, 1770815729914
1770815123613, 1770815730217
1770815132656, 1770815730506
1770815097094, 1770815730635
1770815117956, 1770815730926
1770815123377, 1770815731218
1770815132553, 1770815731507
1770815097391, 1770815731643
1770815118788, 1770815731934
1770815123527, 1770815732218
1770815132203, 1770815732508
1770815097670, 1770815732649
1770815119139, 1770815732942
1770815124665, 1770815733221
1770815132811, 1770815733508
1770815097921, 1770815733656
1770815119937, 1770815733952
1770815124720, 1770815734230
1770815132645, 1770815734514
1770815098113, 1770815734655
1770815120293, 1770815734960
1770815125215, 1770815735233
1770815133409, 1770815735517
1770815098371, 1770815735663
1770815120526, 1770815735964
1770815126077, 1770815736239
1770815134165, 1770815736533
1770815099724, 1770815736654
1770815120600, 1770815736970
1770815127123, 1770815737247
1770815134540, 1770815737533
1770815102343, 1770815737672
1770815120743, 1770815737975
1770815128461, 1770815738248
1770815135102, 1770815738534
1770815102399, 1770815738669
1770815121741, 1770815738980
1770815128825, 1770815739252
1770815135434, 1770815739538
1770815102685, 1770815739675
1770815121519, 1770815739984
1770815128443, 1770815740248
1770815096528, 1770815740542
1770815104417, 1770815740670
1770815122398, 1770815740989
1770815128836, 1770815741250
1770815096655, 1770815741535
1770815104588, 1770815741674
1770815122998, 1770815741994
1770815129024, 1770815742251
1770815097056, 1770815742533
1770815105412, 1770815742679
1770815123243, 1770815743003
1770815129803, 1770815743258
1770815098793, 1770815743536
1770815105392, 1770815743677
1770815123390, 1770815744011
1770815129745, 1770815744265
1770815098800, 1770815744541
1770815105714, 1770815744688
1770815123554, 1770815745022
1770815129854, 1770815745275
1770815098999, 1770815745540
1770815106551, 1770815745692
1770815123783, 1770815746038
1770815129960, 1770815746281
1770815099103, 1770815746546
1770815107105, 1770815746707
1770815124532, 1770815747053
1770815131155, 1770815747289
1770815099901, 1770815747546
1770815108214, 1770815747704
1770815124701, 1770815748062
1770815131181, 1770815748292
1770815101007, 1770815748549
1770815107883, 1770815748720
1770815125979, 1770815749076
1770815131970, 1770815749296
1770815101316, 1770815749549
1770815108102, 1770815749717
1770815126315, 1770815750093
1770815132658, 1770815750304
1770815102362, 1770815750550
1770815109316, 1770815750727
1770815126702, 1770815751127
1770815133360, 1770815751315
1770815102697, 1770815751549
1770815109950, 1770815751743
1770815128097, 1770815752192
1770815133561, 1770815752345
1770815103532, 1770815752557
1770815110125, 1770815752748
1770815129582, 1770815753217
1770815134416, 1770815753356
1770815103339, 1770815753569
1770815110213, 1770815753749
1770815131323, 1770815754237
1770815095934, 1770815754364
1770815103808, 1770815754582
1770815110709, 1770815754757
1770815131293, 1770815755258
1770815096065, 1770815755368
1770815104314, 1770815755594
1770815110838, 1770815755761
1770815132145, 1770815756274
1770815096822, 1770815756379
1770815104518, 1770815756605
1770815111278, 1770815756771
1770815131973, 1770815757299
1770815098266, 1770815757387
1770815103727, 1770815757613
1770815110760, 1770815757774
1770815132092, 1770815758329
1770815098580, 1770815758398
1770815104067, 1770815758621
1770815111504, 1770815758787
1770815132770, 1770815759356
1770815098541, 1770815759412
1770815104538, 1770815759636
1770815111330, 1770815759787
1770815133862, 1770815760374
1770815098642, 1770815760423
1770815104052, 1770815760648
1770815111684, 1770815760789
1770815134281, 1770815761394
1770815099068, 1770815761439
1770815105178, 1770815761661
1770815114432, 1770815761790
1770815133986, 1770815762419
1770815099412, 1770815762447
1770815105581, 1770815762675
1770815114683, 1770815762800
1770815099392, 1770815763450
1770815134383, 1770815763450
1770815105641, 1770815763683
1770815114749, 1770815763798
1770815135452, 1770815764491
1770815100195, 1770815764506
1770815107000, 1770815764698
1770815116425, 1770815764810
1770815135557, 1770815765515
1770815100395, 1770815765538
1770815107741, 1770815765714
1770815115210, 1770815765805
1770815096474, 1770815766533
1770815100561, 1770815766566
1770815108331, 1770815766728
1770815116930, 1770815766818
1770815096527, 1770815767541
1770815101281, 1770815767598
1770815108157, 1770815767742
1770815115623, 1770815767815
1770815096662, 1770815768547
1770815101465, 1770815768633
1770815109177, 1770815768757
1770815116447, 1770815768825
1770815097017, 1770815769561
1770815102303, 1770815769661
1770815109389, 1770815769769
1770815116610, 1770815769831
1770815096966, 1770815770558
1770815102922, 1770815770695
1770815110513, 1770815770784
1770815117571, 1770815770840
1770815097132, 1770815771562
1770815103206, 1770815771731
1770815110977, 1770815771797
1770815116983, 1770815771854
1770815097740, 1770815772573
1770815102939, 1770815772758
1770815112350, 1770815772805
1770815117854, 1770815772850
1770815097810, 1770815773563
1770815103296, 1770815773782
1770815118666, 1770815773855
1770815112538, 1770815773870
1770815097968, 1770815774554
1770815104108, 1770815774807
1770815112858, 1770815774884
1770815119926, 1770815774912
1770815098174, 1770815775546
1770815104156, 1770815775832
1770815113009, 1770815775891
1770815120856, 1770815775907
1770815098758, 1770815776536
1770815104727, 1770815776853
1770815114003, 1770815776913
1770815120692, 1770815776928
1770815099484, 1770815777529
1770815104413, 1770815777872
1770815114570, 1770815777932
1770815121482, 1770815777933
1770815099560, 1770815778522
1770815106609, 1770815778893
1770815114891, 1770815778952
1770815121815, 1770815778966
1770815099760, 1770815779513
1770815106963, 1770815779915
1770815115694, 1770815779971
1770815122425, 1770815779974
1770815100055, 1770815780499
1770815106826, 1770815780933
1770815122482, 1770815780992
1770815116380, 1770815781003
1770815101226, 1770815781490
1770815107516, 1770815781945
1770815122782, 1770815782001
1770815116573, 1770815782018
1770815101468, 1770815782476
1770815107637, 1770815782962
1770815122925, 1770815783020
1770815117182, 1770815783026
1770815102063, 1770815783456
1770815107572, 1770815783979
1770815123808, 1770815784051
1770815119139, 1770815784059
1770815102554, 1770815784447
1770815108185, 1770815784996
1770815123868, 1770815785059
1770815119228, 1770815785069
1770815102586, 1770815785435
1770815109421, 1770815786014
1770815124410, 1770815786077
1770815119967, 1770815786090
1770815102869, 1770815786423
1770815109493, 1770815787030
1770815124625, 1770815787087
1770815119356, 1770815787101
1770815103377, 1770815787418
1770815109571, 1770815788052
1770815125499, 1770815788097
1770815120487, 1770815788106
1770815103050, 1770815788408
1770815109908, 1770815789098
1770815126187, 1770815789108
1770815119971, 1770815789127
1770815103589, 1770815789469
1770815109943, 1770815790133
1770815126467, 1770815790136
1770815121335, 1770815790145
1770815103596, 1770815790470
1770815126953, 1770815791190
1770815121297, 1770815791195
1770815111158, 1770815791199
1770815103761, 1770815791473
1770815127205, 1770815792217
1770815120942, 1770815792234
1770815111465, 1770815792269
1770815104779, 1770815792478
1770815128057, 1770815793225
1770815121546, 1770815793257
1770815111448, 1770815793302
1770815105099, 1770815793490
1770815128198, 1770815794228
1770815122137, 1770815794260
1770815111750, 1770815794323
1770815105214, 1770815794494
1770815128765, 1770815795237
1770815123838, 1770815795267
1770815112567, 1770815795349
1770815105357, 1770815795497
1770815129166, 1770815796235
1770815123483, 1770815796270
1770815111946, 1770815796377
1770815106414, 1770815796503
1770815129309, 1770815797232
1770815124382, 1770815797275
1770815113617, 1770815797397
1770815106973, 1770815797510
1770815129780, 1770815798238
1770815123579, 1770815798270
1770815113697, 1770815798420
1770815107026, 1770815798514
1770815130030, 1770815799231
1770815124154, 1770815799277
1770815114257, 1770815799448
1770815108137, 1770815799517
1770815131409, 1770815800221
1770815125221, 1770815800273
1770815114622, 1770815800473
1770815107110, 1770815800523
1770815133279, 1770815801220
1770815126021, 1770815801283
1770815114429, 1770815801499
1770815107908, 1770815801526
1770815133406, 1770815802207
1770815125988, 1770815802277
1770815116205, 1770815802528
1770815108244, 1770815802529
1770815133930, 1770815803194
1770815126302, 1770815803285
1770815108451, 1770815803559
1770815114822, 1770815803570
1770815134523, 1770815804187
1770815126525, 1770815804281
1770815109743, 1770815804580
1770815116546, 1770815804600
1770815134892, 1770815805180
1770815127133, 1770815805292
1770815109896, 1770815805596
1770815117100, 1770815805619
1770815096100, 1770815806163
1770815127518, 1770815806288
1770815111475, 1770815806607
1770815117095, 1770815806632
1770815096563, 1770815807141
1770815128282, 1770815807298
1770815111683, 1770815807615
1770815117401, 1770815807644
1770815096578, 1770815808128
1770815128001, 1770815808296
1770815112086, 1770815808618
1770815116639, 1770815808662
1770815097958, 1770815809115
1770815128879, 1770815809298
1770815112377, 1770815809614
1770815117645, 1770815809687
1770815098322, 1770815810099
1770815128850, 1770815810306
1770815112484, 1770815810616
1770815118003, 1770815810706
1770815099423, 1770815811114
1770815130255, 1770815811302
1770815113075, 1770815811619
1770815118734, 1770815811722
1770815099708, 1770815812105
1770815130662, 1770815812348
1770815113223, 1770815812614
1770815119091, 1770815812743
1770815099932, 1770815813098
1770815131808, 1770815813340
1770815113305, 1770815813608
1770815119475, 1770815813761
1770815100039, 1770815814095
1770815132474, 1770815814348
1770815113355, 1770815814603
1770815119738, 1770815814781
1770815100100, 1770815815096
1770815132415, 1770815815346
1770815113275, 1770815815594
1770815120242, 1770815815809
1770815101168, 1770815816092
1770815132575, 1770815816346
1770815114151, 1770815816587
1770815120527, 1770815816834
1770815101345, 1770815817087
1770815133116, 1770815817347
1770815114493, 1770815817581
1770815120554, 1770815817861
1770815101715, 1770815818079
1770815133347, 1770815818341
1770815115124, 1770815818573
1770815120601, 1770815818883
1770815102725, 1770815819071
1770815133479, 1770815819348
1770815115370, 1770815819566
1770815120816, 1770815819905
1770815103670, 1770815820072
1770815133930, 1770815820351
1770815116016, 1770815820560
1770815120751, 1770815820927
1770815105265, 1770815821068
1770815133757, 1770815821345
1770815117325, 1770815821565
1770815121669, 1770815821945
1770815106139, 1770815822068
1770815134140, 1770815822354
1770815117795, 1770815822558
1770815121491, 1770815822968
1770815106795, 1770815823069
1770815133906, 1770815823350
1770815118325, 1770815823551
1770815121783, 1770815823995
1770815107707, 1770815824061
1770815135495, 1770815824350
1770815118274, 1770815824537
1770815122483, 1770815825014
1770815107697, 1770815825063
1770815135663, 1770815825353
1770815118895, 1770815825520
1770815107448, 1770815826059
1770815122451, 1770815826093
1770815119573, 1770815826511
1770815124071, 1770815827091
1770815108243, 1770815827107
1770815119769, 1770815827514
1770815109131, 1770815828099
1770815124831, 1770815828103
1770815120113, 1770815828496
1770815126230, 1770815829120
1770815109475, 1770815829131
1770815120187, 1770815829498
1770815126609, 1770815830145
1770815109915, 1770815830147
1770815120816, 1770815830504
1770815110630, 1770815831152
1770815127792, 1770815831156
1770815121937, 1770815831491
1770815128521, 1770815832171
1770815111546, 1770815832181
1770815121989, 1770815832484
1770815112139, 1770815833199
1770815128797, 1770815833200
1770815123363, 1770815833495
1770815129487, 1770815834206
1770815112982, 1770815834232
1770815124305, 1770815834487
1770815113887, 1770815835225
1770815129271, 1770815835230
1770815124859, 1770815835481
1770815130106, 1770815836250
1770815114678, 1770815836258
1770815124854, 1770815836497
1770815115397, 1770815837261
1770815130392, 1770815837284
1770815125506, 1770815837484
1770815131186, 1770815838289
1770815115575, 1770815838297
1770815125185, 1770815838480
1770815132246, 1770815839319
1770815116460, 1770815839332
1770815125439, 1770815839505
1770815117064, 1770815840326
1770815132402, 1770815840338
1770815126019, 1770815840489
1770815132547, 1770815841347
1770815118129, 1770815841354
1770815125687, 1770815841483
1770815131889, 1770815842367
1770815118166, 1770815842376
1770815126349, 1770815842512
1770815118717, 1770815843382
1770815132805, 1770815843389
1770815125744, 1770815843509
1770815119304, 1770815844411
1770815132334, 1770815844447
1770815126345, 1770815844507
1770815119616, 1770815845429
1770815132992, 1770815845476
1770815127951, 1770815845518
1770815119738, 1770815846418
1770815133548, 1770815846462
1770815128556, 1770815846537
1770815120401, 1770815847404
1770815133792, 1770815847467
1770815129022, 1770815847530
1770815120002, 1770815848415
1770815134209, 1770815848461
1770815129063, 1770815848525
1770815120029, 1770815849416
1770815134946, 1770815849493
1770815129306, 1770815849537
1770815121479, 1770815850419
1770815133045, 1770815850477
1770815129613, 1770815850555
1770815120571, 1770815851418
1770815135271, 1770815851483
1770815129860, 1770815851548
1770815122336, 1770815852430
1770815135448, 1770815852481
1770815130065, 1770815852547
1770815121866, 1770815853435
1770815135591, 1770815853513
1770815130027, 1770815853563
1770815122296, 1770815854441
1770815135627, 1770815854508
1770815131025, 1770815854583
1770815123279, 1770815855422
1770815130898, 1770815855578
1770815123535, 1770815856408
1770815131628, 1770815856593
1770815123341, 1770815857383
1770815132009, 1770815857601
1770815124415, 1770815858363
1770815132520, 1770815858612
1770815124914, 1770815859344
1770815133271, 1770815859610
1770815124545, 1770815860322
1770815133469, 1770815860612
1770815124897, 1770815861297
1770815133523, 1770815861652
1770815125400, 1770815862284
1770815134358, 1770815862653
1770815125411, 1770815863256
1770815133673, 1770815863660
1770815126141, 1770815864236
1770815135176, 1770815864658
1770815127986, 1770815865211
1770815134012, 1770815865670
1770815128201, 1770815866180
1770815135388, 1770815866664
1770815129093, 1770815867153
1770815129797, 1770815868154
1770815130197, 1770815869121
1770815130291, 1770815870108
1770815130791, 1770815871080
1770815130822, 1770815872070
1770815131328, 1770815873044
1770815132367, 1770815874031
1770815132864, 1770815875005
1770815133290, 1770815876009
1770815133835, 1770815876988
1770815133836, 1770815877977
1770815134327, 1770815878948
